pr_id,group,strategy_code,heard,where,record_says,authority,receipt,say_back,if_again,status,last_verified,origin,anchor,notes
PR-01,A. Eligibility,R1 Tried-but-blocked,Why can’t you just start paying again?,servicer calls · VA higher-level-review responses · hearing testimony · comment sections,Being able to resume payments is the partial-claim test. An ongoing hardship is not.,"38 U.S.C. § 3737(a), three conditions: VA-guaranteed loan · primary residence · in default or at imminent risk of default. The same standard applied to the COVID-era program: 38 CFR § 36.4803(d) required that ""the veteran indicates that the veteran can resume making scheduled monthly payments, on time and in full."" Ability to resume the payment, not resolution of the hardship, in both programs, five years apart. MERGED FROM LIVE: the resolution-of-hardship condition belongs to the loan-modification rule, 38 C.F.R. § 36.4315(a)(2), not to the partial-claim rule.",receipts/3737h.png; receipts/ecfr-36-4803.png; receipts/36-4315a2.png; § 3737(a) beside § 36.4803(d),"""The partial claim exists for borrowers who can resume the regular payment but cannot cure the arrears, that’s the statutory test. I can resume the regular monthly payment. I’m asking for the arrears to be handled under the partial claim."" If you were told this, ask in writing which rule’s eligibility criteria were applied, and cite § 36.4803(d).",Request the denial in writing with the specific eligibility criterion cited. File CFPB attaching the written denial.,COMPLETE,2026-08-05,MERGE of PR-01 (draft 7/26) + R-01 (live),/rebuttals#PR-01,The two sources argue the same point from different regulations. Both authorities kept: the cross-program consistency argument and the wrong-rule argument are separately useful.
PR-02,A. Eligibility,R8 Name-the-omission,"""You don’t qualify, you’re already in foreclosure.""",servicer calls · loss-mitigation denials,"The statute makes loans in default eligible. The no-foreclosure bar is agency-added, not statutory.","§ 3737(a)(3) makes loans ""in default or at imminent risk of default"" eligible. The ""no pending/active foreclosure"" bar is M26-4 Ch. 22 § 22.02 a.5 (FINAL, June 1 2026), not in the statute.",§ 3737(a)(3) beside § 22.02 a.5,"""The statute makes loans in default eligible, that’s the whole point of the program. The bar you’re citing is in VA’s handbook, not the law. Please cite the statutory provision that disqualifies me.""","Put ""cite the statutory provision"" in writing to VA and to your congressional office. An unanswered request for a citation is itself a finding.",VERIFIED,2026-07-26,PR draft 7/26,/rebuttals#PR-02,"One of the seven VA-added gates. CORRECTED 2026-08-28 from “six” on Leann’s word: /record/policy/ states “Seven of the ten eligibility rules … appear nowhere in the law Congress passed” and names section 22.02, and the 2026-08-10 MASTER brief says seven. Six was the outlier and it was published at /data/."
PR-03,A. Eligibility,R1 Tried-but-blocked,"""You had a loan modification recently, so you’re locked out.""",servicer loss-mitigation reviews,"The 24-month modification lockout was written by the agency, not by Congress.","M26-4 Ch. 22 § 22.02 a.7 (FINAL, June 1 2026), not in § 3737. Verified: this criterion appears in the final chapter and not in the February 2026 draft. The draft instead required six payments since the most recent modification. The final replaced that with a flat 24-month lockout.","§ 22.02 a.7, final chapter","""That restriction isn’t in the statute. If a prior modification was itself unaffordable or improperly offered, please explain how it can now disqualify me from the remedy Congress created.""",Note the serial-modification trap in the CFPB complaint: a bad modification creating a 24-month lockout from the statutory remedy.,VERIFIED,2026-07-26,PR draft 7/26,/rebuttals#PR-03,"Pairs with PR-19, this is one of the two criteria added after the comment window closed."
PR-04,A. Eligibility,R1 Tried-but-blocked,"""You filed bankruptcy, so you’re not eligible.""",servicer loss-mitigation reviews,Congress wrote no bankruptcy bar. The agency did.,"M26-4 Ch. 22 § 22.02 a.4 (FINAL, June 1 2026), not in § 3737. Dismissed Ch. 7, dismissed or discharged Ch. 13, and discharged Ch. 7 with reaffirmation are carved out.",§ 22.02 a.4,"""Active bankruptcy isn’t a statutory disqualifier. If my case is dismissed or discharged, the handbook’s own carve-outs apply. Please state which subsection you’re relying on.""","This is the catch-22: bankruptcy is often the only emergency stay against eviction, and using it forecloses the loss-mitigation remedy. Document it for oversight.",VERIFIED,2026-07-26,PR draft 7/26,/rebuttals#PR-04,
PR-05,A. Eligibility,R4 One-to-many,"""The home isn’t in your name anymore.""",post-foreclosure · successor-in-interest situations · after divorce or a death,"The statute says ""the borrower."" The owner-of-record requirement is agency-added.","§ 3737(a)(2) refers to the borrower’s primary residence. ""Current legal owner of record"" and the successor-in-interest exclusion are M26-4 Ch. 22 § 22.02 a.8 (FINAL, June 1 2026), not in § 3737.",§ 22.02 a.8,"""The statute refers to the borrower. The owner-of-record condition comes from VA’s handbook. Please identify the statutory basis.""","This is a primary mechanism excluding already-foreclosed families. Raise it as an oversight item, not a servicer dispute, the servicer can’t waive it.",VERIFIED,2026-07-26,PR draft 7/26,/rebuttals#PR-05,Group 3 entry point: the already-displaced cohort.
PR-06,B. Loss mitigation and process,R8 Name-the-omission,"""You were offered help and you turned it down."" / ""They were offered help and refused it.""",VA response letters · servicer notes · press statements,Declining an unaffordable offer is not declining help.,"12 CFR § 1024.41 (RESPA / Reg X) loss-mitigation evaluation duties · 38 CFR § 36.4319. MERGED FROM LIVE: federal rules cap rate-raising modifications, 38 C.F.R. § 36.4315(a)(8), not more than one percentage point above the existing rate. In reported cohort cases the ""assistance"" offered was a modification that raised the interest rate several points, on fixed incomes, raising the payment by half or more.",receipts/1024-41d.png; receipts/36-4315a2.png; receipts/36-4315a8.png; § 1024.41 evaluation-duties screenshot,"""I didn’t decline assistance. I declined one offer that wasn’t affordable. Please send the written evaluation notice for every option I was evaluated for, and the reason each was denied."" Get every offer’s rate, payment, and denial reasons in writing; compare the new rate to your existing rate plus one point.",A denial with no per-option reason is itself a Reg X problem. Note it in the CFPB complaint.,COMPLETE,2026-08-05,MERGE of PR-06 (draft 7/26) + R-07 (live),/rebuttals#PR-06,"R-07 carried a BLANK strategy-code field in rebuttals.csv. That blank is the R-nn / R1-R8 collision Leann warned about on 7/26, visible in the data. Restored to R8 here."
PR-07,B. Loss mitigation and process,R8 Name-the-omission,"""We have no record of that at this address.""",servicer call centers · document-upload portals · written responses,"""No record at this address"" is not ""we didn’t receive it.""","12 CFR § 1024.41(b), written acknowledgement of a loss-mitigation application within 5 business days · § 1024.41(c), evaluation timeline. MERGED FROM LIVE: servicers keep a single designated address for formal error notices, 12 C.F.R. §§ 1024.35–.36, and a carefully worded ""no record at this address"" does not deny receiving the document through other active channels, including the federal loan technician.",receipts/1024-41c1.png; receipts/1024-41g.png; § 1024.41(b),"""Under RESPA, receipt of a loss-mitigation application triggers a written acknowledgement within five business days. Please send that acknowledgement, or confirm in writing that none was sent."" Send formal notices by certified mail to the designated address, and keep proof of every other channel. Both matter.",Send a Qualified Written Request for the full servicing file including the upload log. Non-response is a separate violation.,COMPLETE,2026-08-05,MERGE of PR-07 (draft 7/26) + R-08 (live),/rebuttals#PR-07,The live version is the stronger one: it explains WHY the phrasing is careful rather than only that it is.
PR-08,B. Loss mitigation and process,R2 Flip-the-villain,"""You’ll owe the whole forbearance amount in one lump sum.""",servicer calls during and after forbearance,"Federal guidance told servicers the opposite, in writing, from the start.","CARES Act forbearance fact sheet for FHA/VA/USDA servicers, repayment section · VA COVID-19 borrower guidance","the ""not a lump sum"" passage","""The federal guidance issued to servicers says forbearance amounts are repaid over time and a lump sum isn’t required. Please point to the document that says otherwise.""",Keep the recording or written statement. A lump-sum demand contradicting published guidance belongs in the CFPB complaint and the OIG supplement.,VERIFIED,2026-07-26,PR draft 7/26,/rebuttals#PR-08,
PR-09,B. Loss mitigation and process,R1 Tried-but-blocked,"""You should have known payments would balloon, you signed a disclosure."" / ""These families overextended themselves.""",servicer responses · agency correspondence · comment sections,The written guidance said the opposite. A disclosure cannot undo what the government told servicers to do. These are federally guaranteed loans.,"CARES Act § 4022 · federal servicer guidance on forbearance repayment, repayment section · 12 CFR § 1024.41",receipts/cares-fs-repayment.png; receipts/cares-fs-guidance.png,"""Please produce the specific disclosure you’re referring to, with my signature and its date. Then explain how it squares with the federal guidance stating repayment is over time and not a lump sum."" These are federally guaranteed loans. Federal agencies told servicers in writing that paused CARES Act payments would be repaid over time and that a lump sum would not be required. Ask which of those written instructions my servicer followed, and when.","Request the document. If it doesn’t exist, the request itself is the record.","COMPLETE, receipts placed in export",2026-08-05,MERGE of PR-09 (draft 7/26) + R-09 (live),/rebuttals#PR-09,"PR-09 carried a hold: confirm the exact fact-sheet sentence before publishing. The live R-09 receipts (cares-fs-repayment.png, cares-fs-guidance.png) appear to satisfy it. VERIFY BEFORE SHIP. | 2026-08-09: status corrected. cares-fs-repayment.png and cares-fs-guidance.png ARE present in site/receipts/ in the 8/7 export. The ""not yet placed"" status was stale. The open part is confirming the exact fact-sheet sentence, not locating the image."
PR-10,C. Authority and the agency’s own numbers,R7 Concede-and-turn,"""VA’s hands are tied, it isn’t statutory.""",agency testimony · constituent-services replies · committee correspondence,Congress wrote the authority. The exclusions were written by the agency.,"38 U.S.C. § 3737(h): ""Notwithstanding any other provision of law, the Secretary may, before prescribing regulations, issue administrative guidance … including any additional terms, conditions, and requirements the Secretary determines necessary."" Also M26-4 Ch. 22: ""Nothing in this handbook is intended to limit the Secretary’s discretion Congress provided under 38 U.S.C. § 3737.""",receipts/3737h.png; § 3737(h) full text beside the handbook sentence,"""The authority to act exists and Congress specifically authorized acting before the regulations were finished. Which statutory provision prohibits the relief being requested? Please cite it.""",Put the citation request in writing to the committee of jurisdiction.,VERIFIED,2026-07-26,PR draft 7/26,/rebuttals#PR-10,"Highest-value entry on the page. Pairs with PR-27. PR-10 is the authority argument, PR-27 is the precedent that VA already used it."
PR-11,C. Authority and the agency’s own numbers,R5 Parity-invert,"""The program has launched, help is available."" / ""The program is available.""",agency press statements · congressional replies · news coverage,"Launched is not available. Available and live, June 15, 2026. Required to be offered, November 28, 2026.","VA final policy M26-4 Ch. 5 and Ch. 22, June 1 2026. MERGED FROM LIVE: M26-4 Transmittal Sheet Change 14 (June 1, 2026) sets full servicer implementation at no later than 180 days from publication, which is November 28, 2026. VA ready for servicer submissions June 15, 2026. Independently flagged by NCLC (launch-day release) and Military.com (June 19, 2026).",receipts/m26-4-transmittal-change14.png,"""Available and required are different dates. VA issued the final policy June 1, 2026 and called the program live June 15. The same transmittal sets full servicer implementation at no later than 180 days from publication, which is November 28, 2026. Has my servicer implemented it? What is available to me before then?""",Ask the servicer in writing for its implementation date. No published ETA is itself the answer.,VERIFIED,2026-08-10,MERGE of PR-11 (draft 7/26) + R-13 (live),/rebuttals#PR-11,"EXPIRY: this entry stops being true on 2026-11-28. Build it dated and revisable in place, not as permanent present tense. The live R-13 has the sharper authority. Transmittal Sheet Change 14 is the specific document; keep it. | 2026-08-10: hold cleared. The capture the entry was waiting for was taken 2026-08-09 and filed as receipt_m26-4-transmittal-change14.png; nobody wired it. EXPIRY STANDS: this entry stops being true on 2026-11-28 and is dated, not present tense."
PR-12,C. Authority and the agency’s own numbers,R4 One-to-many,"""VA helped 173,000 veterans avoid foreclosure.""",agency press statements · hearing testimony · reporters repeating the figure,Ask what counts as help. Repayment plans and short sales are inside that number.,agency-published figure; composition and definitions not published,the figure in context,"""What is the breakdown of that figure by outcome type, and how many of those households are still in the home today?""",FOIA the composition by outcome category and by year.,CITATION PENDING. DO NOT PUBLISH,2026-07-26,PR draft 7/26,/rebuttals#PR-12,Held. Source not locked. This is the one entry that must not ship in the first deploy.
PR-13,D. Pattern and process,R2 Flip-the-villain,"""If the bank was really in the wrong, they wouldn’t be foreclosing.""",comment sections · family conversations · staffer prep · reporters before they call,"The mortgage industry warned the VA this would happen, in writing and under oath, before it happened.","Mortgage Bankers Association white paper, December 12, 2024. MBA testimony to the House Veterans’ Affairs Subcommittee on Economic Opportunity, March 11, 2025, in which Elizabeth Balce, asked what happens to veterans without the rescue program, answered: ""the short answer is foreclosure. Period.""","the hearing transcript page, and the white paper cover with its date","""The companies that do the foreclosing told Congress this would happen, seven weeks before the program ended. They asked the VA to fix it. This isn’t a family that didn’t pay, and it isn’t a bank acting alone.""",Send the hearing link. The quote does the work; do not editorialize on top of it.,VERIFIED,2026-07-26,PR draft 7/26,/rebuttals#PR-13,The decoder names R2 the highest-leverage intervention in the system. This entry sits at the top of the page.
PR-14,D. Pattern and process,R6 Closed-doors,"""If it was really illegal, why don’t they just sue?""",comment sections · staffer conversations · family self-blame,"The clock is short, the remedy is capped, the fee recovery is thin, and a foreclosed former owner is a category most free legal aid does not cover.","The federal deadlines are the same in every state. RESPA servicing claims under 12 U.S.C. 2605 carry three years, set by 12 U.S.C. 2614, running ""from the date of the occurrence of the violation."" The statute text contains no discovery rule, so the clock starts when the conduct happened, not when you found out. Most Truth in Lending damages claims carry one year under 15 U.S.C. 1640(e), with three years for claims under 15 U.S.C. 1639, 1639b or 1639c. Fair Credit Reporting claims under 15 U.S.C. 1681p carry the EARLIER of two years after you discover the violation or five years after it occurs; earlier, not later. State deadlines vary and Washington is a worked example only. The Washington Consumer Protection Act carries four years under RCW 19.86.120. Washington post-sale claims are governed by RCW 61.24.127(2)(a), which requires a claim be brought ""within two years from the date of the foreclosure sale or within the applicable statute of limitations for such claim, whichever expires earlier."" A longer federal period does not extend it. What a court may award is also limited: RCW 61.24.127(2) allows money only, says the claim ""may not affect in any way the validity or finality of the foreclosure sale,"" prohibits recording a lis pendens, and limits relief to actual damages unless a Consumer Protection Act claim rides along, in which case treble damages and a reasonable attorney's fee become available under RCW 19.86.090, which caps the increased award for a RCW 19.86.020 violation at twenty-five thousand dollars. Statutory damages are small: RESPA gives actual damages plus, only for a pattern or practice, an amount ""not to exceed $2,000"" under 12 U.S.C. 2605(f)(1), and TILA statutory damages on a closed-end mortgage are ""not less than $400 or greater than $4,000"" under 15 U.S.C. 1640(a)(2)(A)(iv). Two things here are not statutes and matter as much. Legal aid is organised around a category a foreclosed former owner falls outside of: in August 2026 Washington's statewide civil legal aid provider declined a case in this cohort because it was a foreclosure eviction rather than a standard unlawful detainer. The obstacle was category, not capacity. And the private bar is thin for a documented reason: an attorney told the family that lawyers left the consumer foreclosure defence speciality after the 2007 to 2008 housing crash and did not come back, and that state-by-state licensing narrows the pool further for a cohort spread across many states.","CAPTURE: 12 U.S.C. 2614; 15 U.S.C. 1640(e); 15 U.S.C. 1681p; 12 U.S.C. 2605(f)(1); 15 U.S.C. 1640(a)(2)(A)(iv); RCW 19.86.120; RCW 19.86.090; RCW 61.24.127(2) captured as a whole subsection. Plus a dated, de-identified record of the legal-aid declination.","""I am a former owner after a foreclosure sale, not a tenant, so the eviction programs in my area may not cover me. Before anything else I need to know which deadlines are already running. Under 12 U.S.C. 2614 a RESPA servicing claim is three years from the date the violation happened, not from when I found out. Under 15 U.S.C. 1640(e) most Truth in Lending damages claims are one year. My state may put a separate and shorter deadline on anything raised after the sale. Can you tell me which of my dates have already passed and which have not?""","This belongs in state legislative outreach and access-to-justice funding, not in a servicer dispute. A servicer cannot lengthen a statutory deadline and has no reason to try.","HOLD, research complete, needs receipt captures before publishing",2026-08-10,PR draft 7/26,/rebuttals#PR-14,"Pairs with PR-26; PR-14 is why suing is hard, PR-26 is why a referral does not close the gap. Ship adjacent. | 2026-08-10: hold research COMPLETE, entry drafted, publication now gated only on receipt captures. NJP question ANSWERED by Leann from her own attempt: declined because it is a foreclosure eviction rather than a standard unlawful detainer. Every limitation period and cap verified against statute text with pin cites. NATIONAL BY DEFAULT: RESPA, TILA and FCRA are uniform everywhere; post-sale windows, state UDAP periods and damages caps vary, and RCW 61.24.127 has no national analogue. Never promote the Washington numbers into the general rule. Never state a period without naming the statute. DO NOT add a contingency-rate statistic; none exists, and the only representation data is 2009 to 2010 from judicial-foreclosure states. DO NOT publish an NJP turn-away rate; the finding is about category, not capacity. DO NOT name the attorney or his firm without written consent. Statute captures could not be rendered from the build container; both law.cornell.edu and app.leg.wa.gov refuse its connections."
PR-15,D. Pattern and process,R8 Name-the-omission,"""You were in review, so you weren’t really being foreclosed on.""",servicer responses · agency correspondence · press statements,"Both were true at once. That is what dual tracking means, and it is what the rule prohibits.","12 CFR § 1024.41(g), RESPA / Regulation X, restricts moving for foreclosure judgment or sale while a complete loss-mitigation application is pending",receipts/1024-41g.png; 12 CFR 1024.41(g),"""My application was pending and the foreclosure advanced at the same time. Under Regulation X those two things are not supposed to run together. Please send the dates for both.""","Request the loss-mitigation log and the foreclosure referral date in writing. The overlap between those two dates is the violation, and it is documentary.",VERIFIED,2026-08-10,PR draft 7/26,/rebuttals#PR-15,"The live set already holds receipts/1024-41g.png. That may close the hold, check the capture against eCFR before shipping. | 2026-08-10: hold cleared. Fresh eCFR pull confirms 12 CFR 1024.41(g), ""Prohibition on foreclosure sale"": a servicer shall not move for foreclosure judgment or order of sale, or conduct a sale, on a complete application filed more than 37 days before the sale, subject to three exceptions. Subsection (g) is correct as cited."
PR-16,D. Pattern and process,R8 Name-the-omission,"""You can’t prove they didn’t send it.""",agency responses · servicer disputes · anywhere a family is asked to prove a negative,You don’t have to. The rule puts the record-keeping duty on them.,RESPA / Regulation X acknowledgement and notice requirements. Servicers must maintain and produce the servicing file on a Qualified Written Request.,the acknowledgement provision,"""I’m not asked to prove a negative. You’re required to keep the record and produce it. Please send the acknowledgement, the evaluation notice, and the upload log.""","QWR for the full servicing file. Non-production is its own finding, and it shifts the burden back where the rule puts it.",VERIFIED,2026-07-26,PR draft 7/26,/rebuttals#PR-16,"Generalized from the burden-shift section of the HVAC additions, 2026-06-19."
PR-17,D. Pattern and process,R1 Tried-but-blocked,"""You already got COVID help, so you can’t get this.""",servicer loss-mitigation reviews · VA responses · anywhere a family took COVID-era assistance,The statute bars a second claim under its own program. The handbook extends that bar to COVID-era programs Congress did not mention.,"38 U.S.C. § 3737(c)(2)(A) limits VA to ""only one partial claim per loan,"" by its terms scoped to partial claims under that section. M26-4 Ch. 22 § 22.02 a.10 (FINAL, June 1 2026) extends the disqualification to a COVID-19 Veterans Assistance Partial Claim Payment under 38 C.F.R. part 36 subpart F, and to a COVID-19 Refund Modification. Neither is a § 3737 partial claim.","§ 3737(c)(2)(A) beside § 22.02 a.10, side by side","""The one-per-loan limit in the statute applies to partial claims under section 3737. I received a COVID-era partial claim under a different program and a different authority. Please identify the statutory basis for treating that as disqualifying.""","Put the question in writing to VA and to your congressional office. This is an oversight item, not a servicer dispute; the servicer cannot waive a handbook criterion.","HOLD, counsel to confirm the scoping argument before it publishes as a legal conclusion",2026-07-26,PR draft 7/26,/rebuttals#PR-17,Reaches the forbearance cohort directly. Ship it stating what the two documents say and letting the reader draw the inference; do not assert the legal conclusion.
PR-18,D. Pattern and process,R8 Name-the-omission,"""The partial claim is a benefit you’re not entitled to.""",VA responses · appeals guidance · anywhere a family asks how to challenge a denial,"VA has written the program as discretionary, not a benefit, and not judicially reviewable. Families should know that before they rely on an appeal.","M26-4 Ch. 22 § 22.01(b) (FINAL): the authority ""is fully discretionary and is not a home loan benefit."" 38 U.S.C. § 3737 provides that a decision under the section is not subject to judicial review and, for § 511 purposes, is not treated as a decision under a law affecting the provision of benefits.",§ 22.01(b) beside the § 3737 review provision,"""I understand VA treats this as discretionary and not reviewable. I am asking for the denial in writing with the specific criterion cited, so the record is complete regardless of the review posture.""","This is a structural finding, not a case dispute. It belongs in front of committee staff: discretionary, not a benefit, and not reviewable, stacked together in one program.",VERIFIED,2026-07-26,PR draft 7/26,/rebuttals#PR-18,
PR-19,D. Pattern and process,R8 Name-the-omission,"""Nothing changed between the draft and the final.""",anyone who commented on the draft and assumes the final matches it,Two of the most exclusionary criteria were added after the comment window closed.,"February 2026 draft Chapter 22 compared against the June 1, 2026 final. The draft required six payments since the most recent modification; the final replaced that with a flat 24-month modification lockout (a.7). The final added a.10, extending the bar to COVID-19 partial claims and Refund Modifications. Neither appears in the draft.","the two versions, side by side, with their dates","""The criteria in the final are not the criteria that were open for comment. Two of them were added afterward.""","This belongs in the notice ledger and in any oversight correspondence. Draft, comment, final is a documented sequence, and the gap between what was commented on and what shipped is part of the record.","VERIFIED, both documents held",2026-07-26,PR draft 7/26,/rebuttals#PR-19,"Carries PR-03 and PR-17. If either of those moves, this one moves with it."
PR-20,"E. Authority, oversight and access",R8 Name-the-omission,"""The servicer was only following the rules.""",servicer responses · agency correspondence · comment sections,Servicers were bound by federal servicing law the entire time.,"Only the numbered 2026 waterfall is new. Regulation X, binding the entire time, required servicers to evaluate a complete application against all options within 30 days (12 C.F.R. § 1024.41(c)(1)), give a specific reason for each denial (§ 1024.41(d)), and observe the dual-tracking restriction (§ 1024.41(g)). 38 C.F.R. § 36.4319(a) carries the VA-side duty.",receipts/1024-41c1.png; receipts/36-4319a.png; receipts/1024-41d.png; receipts/1024-41g.png,Request the written denial notice for each option. The law requires a specific reason per option.,A denial with no per-option reason is a Reg X violation on its face. It goes in the CFPB complaint with the dates.,COMPLETE,2026-08-05,LIVE the-script.html R-02. NOT in the 7/26 draft,/rebuttals#PR-20,
PR-21,"E. Authority, oversight and access",R8 Name-the-omission,"""Nobody was checking on the servicers.""",agency testimony · oversight replies · press statements,The agency built a system to determine servicer compliance. The question is whether the servicer reported into it.,"VA built VALERI specifically to track servicer loss-mitigation compliance and inspects servicer files: M26-4 Ch. 5 § 5.11; 38 C.F.R. § 36.4350(j). ""We cannot determine compliance"" and ""the servicer never reported into the system we built to determine compliance"" are different statements.",receipts/m26-4-5-11.png; receipts/36-4350j.png,The one question every oversight office can ask: produce the VALERI event history.,A FOIA to the VA Regional Loan Center for the VALERI records resolves it directly. Twenty business days.,COMPLETE,2026-08-05,LIVE the-script.html R-03. NOT in the 7/26 draft,/rebuttals#PR-21,This is the entry that converts into an oversight ask. It is also the basis for FOIA item X4.
PR-22,"E. Authority, oversight and access",R2 Flip-the-villain,"""The VA isn’t the one foreclosing.""",agency testimony · constituent-services replies · press statements,The Department is the named plaintiff evicting veteran families.,Roughly three of four foreclosed veteran homes are conveyed to the VA (Auction.com data); title passes to the Secretary of Veterans Affairs; post-foreclosure evictions are then filed in the Secretary’s name and executed through the VA’s private REO contractor. 38 U.S.C. § 3732 is the disposition authority under which VA could choose otherwise.,receipts/vrm-contract.png; receipts/vrm-activity.png; receipts/collins-svac.png,"Ask your Member: who is the named plaintiff in these evictions, and under what disposition authority (38 U.S.C. § 3732) could the VA choose otherwise?","This is an oversight question, not a servicer dispute. Put it to the committee of jurisdiction in writing.",COMPLETE,2026-08-05,LIVE the-script.html R-04. NOT in the 7/26 draft,/rebuttals#PR-22,"Directly answers the Collins SVAC deflection (""those are the mortgage bankers that take them out. We don’t take anybody out of homes"")."
PR-23,"E. Authority, oversight and access",R7 Concede-and-turn,"""VASP was cancelled because it was illegal.""",agency testimony · congressional replies · news coverage,"No neutral body ever found VASP unlawful, and the VA itself called the authority ""existing.""","VA’s own April 2024 launch materials stated it had ""existing authority to establish and implement VASP under 38 U.S.C. § 3732 and § 3720."" No GAO opinion, CRS analysis, OGC memo, or court ruling ever held otherwise. 38 U.S.C. § 3737(h) separately authorises acting before regulations are prescribed.",receipts/vasp-hearing-existing-authority.png; receipts/vasp-hearing-40000.png; receipts/3737h.png,"Read the authority analysis on the Policy and Fiscal page. Then ask which neutral body made the finding, and when.",Ask for the legal opinion in writing. There is no published one. The absence is the answer.,COMPLETE,2026-08-05,LIVE the-script.html R-05. NOT in the 7/26 draft,/rebuttals#PR-23,Pairs with PR-10 and PR-27 as the three-part authority argument.
PR-24,"E. Authority, oversight and access",R7 Concede-and-turn,"""Helping them would cost taxpayers more.""",comment sections · fiscal-conservative framing · agency budget testimony,"Prevention was the cheap option, by the government’s own math.","The multi-billion figures cited are gross loan-purchase volume, not net cost, buying a re-performing loan is an asset offset by repayments. CBO scored the replacement partial-claim law as reducing net direct spending by $147 million, including $294 million in offsets.",receipts/cbo-147m.png; receipts/cbo-table1.png,"See the fiscal two-path on the Policy and Fiscal page: the foreclosure path costs more than the partial-claim path, and CBO scored it.",Send the CBO score. It is a government document and it ends the argument on its own terms.,COMPLETE,2026-08-05,LIVE the-script.html R-06. NOT in the 7/26 draft,/rebuttals#PR-24,The single strongest entry for a fiscal-conservative audience. Do not bury it.
PR-25,"E. Authority, oversight and access",R7 Concede-and-turn,"""Homeowners have more legal protection than renters.""",comment sections · legal-aid intake · anywhere post-foreclosure occupancy comes up,"After a foreclosure sale, the former owner usually has less protection than a tenant in the same building.","In Washington a tenant in a foreclosed property gets sixty days' written notice to vacate under RCW 61.24.146, and that section says in terms that it does not apply if the borrower or grantor remains on the property. RCW 61.24.060(1) gives the purchaser possession on the twentieth day as against the borrower and grantor and occupants who are not tenants. The appointed-counsel provision, RCW 59.18.640(1), is written for an indigent TENANT in unlawful detainer proceedings under chapters 59.18, 59.12 and 59.20, and it is expressly SUBJECT TO THE AVAILABILITY OF AMOUNTS APPROPRIATED FOR THIS SPECIFIC PURPOSE. So the notice protection excludes the former owner on the face of the statute, and the counsel provision is written for tenants and is funding-contingent even for them. Wyoming has a three-month statutory redemption with the right to remain during it; Washington has none.",receipts/rcw-61-24-060.png; receipts/rcw-61-24-146.png; receipts/rcw-59-18-640.png,"""In Washington a tenant in a foreclosed property gets sixty days' written notice, and that section says it does not apply if the borrower or grantor stays on the property. The purchaser gets possession on the twentieth day. The appointed-counsel statute is written for an indigent tenant and is subject to available appropriations. I am the former owner, so I have twenty days and I should not count on counsel.""","This is a state-law finding. It belongs in state legislative outreach, not in a servicer dispute.",VERIFIED,2026-08-10,LIVE the-script.html R-10. NOT in the 7/26 draft,/rebuttals#PR-25,"State-specific. Label it Washington and Wyoming explicitly; do not generalise it to all states. | 2026-08-10: hold cleared. All three captures were taken 2026-08-09 and were on disk. receipt_rcw-61-24-060.png was a PDF carrying a .png extension and would have shipped as a broken image; re-rendered at 150 dpi from the source. STATE SCOPE STANDS: Washington and Wyoming only, do not generalise. | 2026-08-10: qualifier restored. The entry stated appointed counsel flatly as not reaching the former owner. Two corrections. RCW 59.18.640(1) is expressly subject to the availability of appropriated funds, a caveat recorded 2026-08-09 that did not travel into the entry. And the provision turns on the word TENANT rather than on the chapter, since it already covers chapter 59.12, which is where RCW 61.24.060 routes post-sale possession. Whether a holdover former owner is ever treated as a tenant for that purpose is a lawyer question and the entry no longer asserts it as settled. The sixty-day notice exclusion IS settled and is quoted from the statute. STATE SCOPE STANDS: Washington and Wyoming only."
PR-26,"E. Authority, oversight and access",R8 Name-the-omission,"""Refer them to legal aid.""",agency responses · VSO caseworkers · congressional casework replies,"Referral is treated as the end of the obligation. For a household still in the home after a sale, it frequently is not.","Not a statutory claim. Describes how foreclosure-defense and eviction right-to-counsel programs are scoped: foreclosure-defense programs generally close the file at the sale, and eviction-counsel programs generally cover landlord and tenant cases. A post-sale former owner is neither.","N/A, structural finding. The evidence is the unmet referral itself.","""Which provider takes post-foreclosure veteran cases in my state? I need a name, not a referral line.""","Document every referral that did not produce representation, with the date and the reason. The pattern is the finding.","COMPLETE, structural finding, no receipt",2026-08-05,LIVE the-script.html R-11. NOT in the 7/26 draft,/rebuttals#PR-26,"Pairs with PR-14. Together they are the access-to-justice pair, and they are the two entries most likely to be quoted by a reporter."
PR-27,"E. Authority, oversight and access",R7 Concede-and-turn,"""VA cannot impose a foreclosure moratorium.""",agency testimony · constituent-services replies · committee correspondence,"VA pressed for one twice, in November 2023 and again in May 2024, and published its reasons in the circulars both times.","VBA Circular 26-23-25 (November 30, 2023) section 3 strongly encouraged a foreclosure moratorium on all VA-guaranteed loans through May 31, 2024, excepting vacant or abandoned properties. VBA Circular 26-24-12 (May 29, 2024) section 3 extended relief as a TARGETED moratorium through December 31, 2024. As issued it named four exceptions: vacant or abandoned; borrower documented as not wanting retention or to avoid foreclosure; no payment for at least 210 days with no response to outreach; all retention options including VASP evaluated and none workable. Change 1, issued June 21, 2024, deleted the 210-day exception (S197), so for most of the moratorium there were three, not four. The base circular was never reissued, so the PDF VA still serves at that address prints the deleted paragraph. Neither circular imposes a moratorium. Both encourage one, and both cite 38 U.S.C. 3704(d) and 38 C.F.R. 36.4336, the power to audit a servicer and bar it from the program.",receipts/circ-26-23-25-p1.png; receipts/circ-26-24-12-p1.png,"""VA has done this twice. Circular 26-23-25, November 30, 2023, strongly encouraged a moratorium on all VA-guaranteed loans through May 31, 2024. Circular 26-24-12, May 29, 2024, extended it as a targeted moratorium through December 31, 2024. Both gave the reason in the text: to buy servicers time to stand up the program. What has VA done for the November 28, 2026 deadline?""","Ask what changed between 2024 and now, in writing, to the committee of jurisdiction.",VERIFIED,2026-08-25,LIVE the-script.html R-12. NOT in the 7/26 draft,/rebuttals#PR-27,"The precedent entry. PR-10 says the authority exists; PR-27 says VA already used it. Ship them adjacent. | 2026-08-09: receipts rendered at 150 dpi from the source PDFs already held in Govt Official Documents\VA_Circulars. Both section 3 texts read on the face of the document. Say ""targeted"" for the second circular; the four exceptions are the first thing a servicer or agency lawyer will point at. | 2026-08-25: CORRECTED, two defects. The entry named four exceptions when Change 1 (S197, June 21 2024) had deleted the 210-day one, so three applied for all but three weeks of the moratorium. And the say-back opened ""VA did impose one"" when both circulars only encourage. Both circulars re-read from the primary PDFs in Govt Official Documents\VA_Circulars. The 2026-08-09 note above predicted a lawyer would point at the four exceptions; the entry carried them for another sixteen days."
PR-28,"E. Authority, oversight and access",R7 Concede-and-turn,"""We do everything we possibly can to keep them in their homes.""",agency testimony · congressional replies · constituent-services correspondence,"The deflection runs in a fixed two-step sequence: blame the servicers, then blame the veterans. The original cause was federal action.","Sec. Doug Collins, Senate Veterans’ Affairs Committee, May 20 2026, pressed by Sen. Blumenthal on the 15,000+ families already foreclosed on. Step one: ""Remember the VA is about putting people in homes. We don’t take people out of homes. Those are the mortgage bankers that take them out. We don’t take anybody out of homes."" Step two: ""we do everything we possibly can to keep them from that end.""",receipts/collins-svac.png,"""Everything you possibly can includes the partial-claim authority Congress gave you in July 2025 and the moratorium authority VA used in 2023 and again in 2024. Which of those was exercised, and on what date?""","Ask which of the two authorities was exercised, in writing, to the committee of jurisdiction.",VERIFIED,2026-08-20,Built 2026-08-08; slot overwritten by the 8/9 data build; restored 2026-08-20 from the 8/8 export.,/rebuttals#PR-28,Pairs with PR-27: PR-27 shows VA already used the moratorium authority; this shows the Secretary disclaiming the power to act. Ship them adjacent. Receipt already captured. C-SPAN program 679573 is the video of record for the SVAC 5/20/2026 hearing.
PR-29,C. Authority and the agency’s own numbers,R5 Parity-invert,"""Veterans already get plenty of programs and benefits.""",comment sections · congressional replies · agency testimony · anywhere the ask is framed as special treatment,"Veterans got worse options than everyone else, not better ones. That is the whole finding.","FHA, Fannie Mae and Freddie Mac all retained permanent partial-claim programs. VA let its COVID-era partial claim lapse in 2022, built VASP as the replacement, and cancelled VASP in May 2025 with nothing operational behind it, the only federal mortgage system to remove the safety net twice. Separately, the Homeowner Assistance Fund, the one program available to everyone else, disqualified veteran households because VA disability compensation was counted as income.",,"""Every other federal mortgage system kept its safety net. The VA is the only one that removed it, twice. And the fund everyone else could use counted a veteran’s disability compensation as income, so it did not reach us. This is not a request for more than other people get. It is a request for the same thing.""",Ask which comparable federal mortgage program lacks a partial claim. There is not one.,CITATION PENDING. DO NOT PUBLISH,2026-08-20,Built 2026-08-08; slot overwritten by the 8/9 data build; restored 2026-08-20 from the 8/8 export.,/rebuttals#PR-29,"The 8/8 reconciliation named this ""the single most common hostile framing this campaign faces."" The HAF income-counting leg is the part with no source row yet: needs a citation for HAF programs counting VA disability compensation as income. Do not publish that clause as a flat fact until it is sourced."
PR-30,C. Authority and the agency’s own numbers,R8 Name-the-omission,"""These families bought more house than they could afford."" / ""You signed the paperwork, you knew the payment."" / ""There is always going to be some level of default.""",comment sections · servicer responses · congressional replies · reporters before they call,The default is not in the loans people bought. It is in the loans that were rewritten for them. Veterans who bought a home in the last two years are defaulting BELOW the average for the whole VA book.,"Ginnie Mae MBS loan level disclosure, llmon2_202606, complete pooled VA book, 3,821,399 loans, June 2026. Loan purpose codes per Ginnie Mae MBS Single Family Loan Data Dictionary v1.8 (1 Purchase, 2 Refinance, 3 Modification HAMP, 4 Modification non-HAMP, 5 Re-performing). Never-modified loans are 90+ days delinquent at 1.32 to 1.90 percent. Modified loans, 12.52 to 16.88 percent. Purchases with a first payment on or after July 2024 default at 1.53 percent against a 2.0 percent book average.",CAPTURE: the data dictionary page defining loan purpose codes 3 and 4; the layout page defining the delinquency field; the purpose-by-default table published as a figure with its CSV alongside,"""Look at who is actually defaulting. Veterans who bought a house in the last two years are defaulting less than the book average. The defaults are concentrated in loans that got modified, at more than one in eight. These are people who asked for help and were handed a payment they could not make.""","""Then explain why a modified loan fails at eight times the rate of one that was left alone. If the borrowers were the problem, that gap would not exist.""","HOLD, internal verification complete, needs receipt captures before publication",2026-08-09,"Data build 8/9, VFC_Finding_ModificationDefault_v2_2026-08-09.md",/rebuttals#PR-30,"Reproducible by anyone from the same public file, which is the point. Do NOT pair this with the vintage-year curve: modifications reset the first-payment date, so every year from 2022 on is contaminated. | 2026-08-20: moved from the PR-28/PR-29 slot back to its own 8/9 draft number. Those slots belonged to two 8/8 entries that were overwritten; anchors are permanent and never reused."
PR-31,B. Loss mitigation and process,R7 Concede-and-turn,"""They were offered a loan modification, so they were helped."" / ""A modification is a home retention option."" / ""The servicer did offer them something.""",servicer responses · VA higher-level-review letters · congressional replies · agency testimony,"A modification is only help if the payment goes down. Across the whole VA book, a modified loan carrying a 7 to 8 percent note is 90 or more days delinquent at 36.3 percent. A modified loan under 3 percent is at 5.67 percent. Same program, same borrowers, same crisis. The remedy failed as a function of how it was written.","Ginnie Mae MBS loan level disclosure, llmon2_202606, complete pooled VA book, 3,821,399 loans, June 2026, current note rate field on every loan, zero unusable values. Modified VA loans, 90+ days delinquent by current note rate: under 3 percent 5.67; 3 to 4 percent 6.69; 4 to 5 percent 8.59; 5 to 6 percent 15.68; 6 to 7 percent 18.26; 7 to 8 percent 36.30. Modifications with a first payment on or after July 2024 carrying a 7 to 8 percent note: 11,944 loans, 4,584 seriously delinquent, 38.38 percent. At the identical note rate a modified loan defaults 4 to 7 times a never-modified one (7 to 8 percent band: 36.30 against 9.37). A 40-year term appears nowhere in the VA book except among modifications: 34,201 loans, 23.91 percent seriously delinquent, against 1.67 percent for a never-modified loan on a normal term.",CAPTURE: the note-rate field on the layout page; the gradient table published as a figure with rate_by_purpose_out.csv alongside,"""A modification is help only if the payment goes down. Across the whole VA book, a modified loan at seven to eight percent is ninety days delinquent at thirty-six percent. A modified loan under three percent, three years into the same crisis, is at five point seven. The modifications that kept the payment down worked. The ones that raised it did not. That is not a story about borrowers. It is a story about what they were handed.""","""Compare it to a veteran who simply bought at seven percent. That borrower defaults at nine percent. A veteran modified into seven percent defaults at thirty-six. Four times worse at the same rate. Raising a distressed household’s payment is not a remedy for distress.""","HOLD, internal verification complete, needs receipt captures before publication",2026-08-09,"Data build 8/9, VFC_Finding_ModificationDefault_v2_2026-08-09.md",/rebuttals#PR-31,"The strongest entry in the Index on the evidence. Reproducible from a public federal file. LIMITS, state them if pressed: this is the current note rate, not the pre-modification rate, so the delta is not yet documented at book level; association, not causation; pooled loans only. Never say these ARE the VASP-denied cohort; say the timing is consistent with it. | 2026-08-20: moved from the PR-28/PR-29 slot back to its own 8/9 draft number. Those slots belonged to two 8/8 entries that were overwritten; anchors are permanent and never reused."
PR-32,"E. Authority, oversight and access",R7 Concede-and-turn,“VASP was a bailout for lenders.”,committee press releases · agency testimony · congressional replies,The same statement that said it named the replacement: a partial claim so veterans could stay in their homes. Congress passed that in July 2025. It still is not running.,"Joint statement of Chairman Mike Bost and Rep. Derrick Van Orden, House Committee on Veterans' Affairs, April 3 2025. Verbatim: “The Biden-Harris administration wrongfully jeopardized the future of this benefit by allowing billions of dollars to be used towards bailouts for lenders by creating the VASP program.” The same statement, four sentences later: “This action underscores House Republicans' intent to establish a partial claims program at VA to ensure veterans' can stay in their homes if they're in financial hardship while still protecting the American taxpayer.” It also carries the committee's own fiscal case: “Instead of reinstituting the partial claim program for an average loan delinquency of $22,500, VA chose to purchase these loans through the VASP program at an average of $292,000,” a figure the statement says has since risen to $320,000. H.R. 1815 passed the House on May 19 2025 under suspension of the rules, which requires a two-thirds majority, by voice vote, and passed the Senate without amendment by voice vote on July 15 2025. It was signed July 30 2025. Neither chamber held a roll-call vote, so no individual vote tally or recorded opposition exists. VA called the Partial Claim Program live on June 15 2026 and set full servicer implementation at no later than November 28 2026.",,"“That is from the April 3, 2025 joint statement by Chairman Bost and Rep. Van Orden. In the same statement they said the plan was a partial claim program so veterans could stay in their homes. Congress passed it in July 2025, by voice vote in both chambers. Servicers have until November 28, 2026 to implement it. Which families were supposed to hold on for those sixteen months, and on what?”","Ask, in writing to the committee of jurisdiction, for the date a family already in default could first use the partial claim.",VERIFIED,2026-08-25,"Built 2026-08-25 from the archive transfer, T1-B1. Source read in full rather than taken from the archive's paraphrase.",/rebuttals#PR-32,"The fourth in the authority family with PR-10, PR-23 and PR-27. Ship them adjacent. THE ARCHIVE'S WORDING DOES NOT PUBLISH: the archived watch.html attributes to Rep. Van Orden alone a “Biden-era bailout that put lenders and bureaucracy first”. The statement is JOINT with Chairman Bost, the words are “bailouts for lenders”, and “bureaucracy” appears nowhere in it. A paraphrase of a member's words is not a characterisation this project publishes. Both dollar figures are in the statement and mean different things: $292,000 at the point of the comparison, $320,000 since implementation. Recorded because an incomplete read of the page on 2026-08-25 made them look like a contradiction and they are not. No receipt captured yet."
PR-33,"E. Authority, oversight and access",R7 Concede-and-turn,"“VASP was never statutory. VA created it, so VA could end it.”",agency testimony · committee press releases · congressional replies,Congress did not write VASP. Congress did write the partial claim. Seven of the ten rules VA uses to decide who qualifies appear nowhere in that law.,"Congress enacted the Partial Claim Program at 38 U.S.C. § 3737 in the VA Home Loan Program Reform Act, Pub. L. 119-31, signed July 30 2025. Section 3737(a) sets three conditions for an eligible loan, including that the loan be “in default or at imminent risk of default.” VA’s own handbook, M26-4 Chapter 22, effective June 1 2026, lists ten qualifying criteria. Seven of the ten, § 22.02 a.2, a.4, a.5, a.6, a.7, a.8 and a.9, appear nowhere in the statute. Two of those seven were added after the public comment window closed: the 24-month modification lockout and the COVID partial claim bar.",,"“You are right that Congress did not create VASP. Congress did create the partial claim, in law, in July 2025. Congress wrote three conditions. VA’s handbook lists ten. Which statute authorizes the other seven?”","Ask, in writing to the committee of jurisdiction, for the statutory citation behind each of the seven handbook criteria.",VERIFIED,2026-08-28,"Built 2026-08-28 from Queue 38, scoped to VASP’s status on Leann’s 2026-08-28 decision so it does not duplicate PR-10.",/rebuttals#PR-33,"Fifth in the authority family with PR-10, PR-23, PR-27 and PR-32. Ship adjacent. SCOPE IS DELIBERATE: PR-10 answers “VA’s hands are tied, it isn’t statutory,” which is about VA’s authority to act, and PR-23 answers “VASP was cancelled because it was illegal.” PR-33 answers only whether ending VASP was legitimate, and it concedes the true half out loud. TWO THINGS QUEUE 38 GOT WRONG AND THIS ENTRY DOES NOT REPEAT: the partial claim’s statutory home is § 3737, not § 3720(h); and “created by regulation” is not published here, because no Federal Register or CFR citation for VASP is held on disk. What the record supports is that Congress did not create it. RESOLVED 2026-08-28 on Leann’s word: PR-02’s note said “six VA-added gates” against the seven this entry, the 2026-08-10 MASTER brief and /record/policy/ all carry. PR-02 was corrected to seven in the same pass, because a count that disagrees with itself across two register rows is P41 and closing it in one row closes it nowhere."
PR-34,"E. Authority, oversight and access",R8 Name-the-omission,"“The VA Home Loan Affordability Act caps seller concessions at six percent, the same as FHA.”",the sponsor’s one-pager · the committee rollout release · coverage repeating them,"The bill text does not say that. It limits the seller fees actually paid by the veteran. A concession is money the seller puts toward the buyer’s costs, which is the opposite direction.","H.R. 8532, the VA Home Loan Affordability Act. The sponsor’s one-pager says the bill would “cap seller concessions at 6% to match FHA standards for nonveterans.” The committee bill print, at SEC. 2(d)(3), adds a new paragraph to 38 U.S.C. 3710(b) reading that “the seller fees actually paid by the veteran do not exceed six percent of the outstanding balance of the loan.” Both documents are the sponsor’s own, published the same day. Nothing here says the bill is bad or that anyone misdescribed it on purpose; a one-pager is a summary, and the closing-cost cap in the same subsection is a real gain. Only the enacted text would govern.",,“I want to check one thing against the bill itself. The one-pager says it caps seller concessions at six percent. The text at section 2(d)(3) says the seller fees actually paid by the veteran may not exceed six percent. A concession is what a seller puts toward my costs; that sentence is about what I pay. Which one does the bill do?”,"Ask the sponsor’s office, in writing, to confirm which quantity paragraph (10) limits, and whether the one-pager will be corrected. The answer is checkable against the print rather than a matter of opinion.",VERIFIED,2026-08-30,"Built 2026-08-30 from the one-pager and the committee bill print, both supplied by Leann the same day after two fetch routes failed from the workspace. Registered at S234 with both receipt checksums. Leann chose option C: a rebuttal entry and outreach material.",/rebuttals#PR-34,"SCOPE IS DELIBERATE AND NARROW. This entry does not argue the bill is bad, attributes no intent to any sponsor, and does not touch the closing-cost cap in the same subsection, which this site treats as a real gain. A one-pager is a summary and summaries compress. The entry answers one question: what does the text say. Ship adjacent to PR-32 and PR-33 by group. Full finding at /record/bills/#summary-versus-text."
