id,date,date_display,event,layer,span,who_was_told,who_told_them,venue,source_url,source_id,status,notes
T001,2020-03-27,March 2020,"CARES Act forbearance begins. Federal agencies issue written guidance to FHA, VA and USDA servicers stating paused payments are repaid over time and a lump sum is not required.",authority,covid,Servicers,Federal agencies (interagency),CARES forbearance fact sheet,,S049,verified,The promise. Receipt: cares-fs-repayment.png
T002,2022-10-28,"Oct 28, 2022","The COVID-19 Veterans Assistance Partial Claim Payment program expires by regulation. VA will not accept a request for a partial claim payment after October 28, 2022. No replacement tool exists for VA borrowers exiting forbearance.",program,gap,,,38 CFR 36.4809(c),https://www.ecfr.gov/current/title-38/chapter-I/part-36/subpart-F/section-36.4809,S104; S145,verified,"VERIFIED 2026-07-26. The expiry is in the regulation itself, subsection (c), the absolute cutoff. Earlier draft cited 36.4803, which is the eligibility section, not the expiration section."
T003,2022-10-28,2022 to 2024,The years with no partial claim. Families exit forbearance on terms the 2020 guidance ruled out.,program,gap,,,,https://www.ecfr.gov/current/title-38/part-36,S021,verified,"Roughly 19 months with no partial claim available | Structural claim, not a single event. Anchored to the regulation set that governed the period; the absence of a partial claim from Oct 2022 is evidenced by what 38 CFR Part 36 did NOT contain until 36.4803 was superseded. Do not cite as if one document says ""there was no partial claim""."
T027,2023-11-30,"Nov 30, 2023","VBA Circular 26-23-25. VA strongly encourages a foreclosure moratorium on all VA-guaranteed loans through May 31, 2024, urging servicers to cease initiating, continuing or completing foreclosures. Stated reason includes the pending availability of VASP, which the circular places in March 2024.",authority,gap,Servicers,VA,VBA Circular 26-23-25,https://www.benefits.va.gov/HOMELOANS/documents/circulars/26-23-25.pdf,S091,verified,"VERIFIED 2026-07-27. Stage one of the moratorium chain. Note the March 2024 VASP date, which slipped to May 31, 2024. Broader than the 2024 version: all VA-guaranteed loans, excluding vacant or abandoned."
T004,2024-02-15,"Feb 15, 2024","House Veterans' Affairs Committee hearing. The partial claim gap and foreclosure exposure are raised directly, three months before VASP launches.",hearing,gap,House VA Committee,Witnesses at hearing,HVAC printed hearing record,https://docs.house.gov/meetings/VR/VR00/20240215/,S056,verified,"Receipt: hearing-2024-authority.png, hearing-2024-rate.png"
T024,2024-04-10,"Apr 10, 2024","VA announces VASP, stating the program will help more than 40,000 veterans stay in their homes, and says it has strongly encouraged a foreclosure moratorium through May 31, 2024.",program,vasp,The public and servicers,VA,VA news release,https://www.va.gov/wilmington-health-care/news-releases/va-announces-new-program-to-help-more-than-40000-veterans-stay-in-their-homes/,S146,verified,"The 40,000 figure is VA's own. Useful against any claim that the affected population was unknown or small."
T025,2024-05-29,"May 29, 2024","VBA Circular 26-24-12, Loan Repayment Relief for Borrowers. VA announces a targeted foreclosure moratorium on VA-guaranteed loans running through December 31, 2024, stating its purpose is to give servicers time to implement VASP. Servicers may implement beginning May 31, 2024. VA expects full implementation not later than October 1, 2024. Circular valid until January 1, 2025.",authority,vasp,Servicers,VA,VBA Circular 26-24-12,https://www.benefits.va.gov/HOMELOANS/documents/circulars/26-24-12.pdf,S092,verified,"VERIFIED 2026-07-27 from the circular PDF. This is the precedent row. VA itself documents that launch date does not equal availability, and that a launch-to-readiness gap warrants a foreclosure moratorium. Paragraph 1 = purpose and dates. Paragraph 3 = moratorium scope, four exceptions. Paragraph 10 = validity. Compare directly to T023."
T028,2024-05-29,"May 29, 2024","VA press release announcing the extension. Describes the moratorium as originally slated to expire May 31 and states that VASP officially launches May 31 and mortgage servicers must have it fully implemented by October 1, 2024. Under Secretary for Benefits Josh Jacobs is quoted calling on servicers to follow the targeted moratorium.",press,vasp,Servicers and the public,VA (Under Sec. Josh Jacobs),VA press release,https://news.va.gov/press-room/va-calls-for-extension-of-veteran-foreclosure-moratorium-through-dec-31-2024/,S147,verified,"VERIFIED 2026-07-27. Stage two. The release says must have it fully implemented, firmer than the circular's expects. Pairs with T025."
T005,2024-05-31,"May 31, 2024",VASP is implemented as the final option in the VA Home Retention Waterfall.,program,vasp,,,VBA Circular 26-25-2,,S011,verified,"Date confirmed from Circular 26-25-2 text, April 23, 2025"
T026,2024-10-01,"Oct 1, 2024","VA's own full-implementation deadline for VASP. From this date to the May 1, 2025 rescission is roughly seven months of broadly usable program, not the twelve months the period is commonly described as.",program,vasp,,,VBA Circular 26-24-12,https://www.benefits.va.gov/HOMELOANS/documents/circulars/26-24-12.pdf,S092,verified,Counter to the May 2024 to May 2025 full-year framing. Calendar measurement vs availability measurement.
T006,2024-12-12,"Dec 12, 2024",Mortgage Bankers Association publishes a white paper on the coming gap in VA loss-mitigation options.,press,vasp,VA and the public,Mortgage Bankers Association,Published white paper,,PENDING,source pending,"The industry put its warning in writing before the program was killed | SOURCE PENDING. MBA white paper dated Dec 12 2024 is cited in PR-13 but the document URL has not been located. Searched 2026-08-09, not found. Capture from mba.org policy white papers, or downgrade the entry to the reported version (S009 / S026) which is sourced."
T007,2025-03-11,"Mar 11, 2025","MBA testifies to the House VA Subcommittee on Economic Opportunity. Asked what happens without the rescue program, Elizabeth Balce answers: the short answer is foreclosure. Period.",hearing,vasp,House VA Subcommittee on Economic Opportunity,Mortgage Bankers Association (Elizabeth Balce),Subcommittee hearing testimony,,S009,verified,Highest-leverage item in the record. R2 Flip-the-villain. | Balce testimony quote as reported. The full hearing transcript is S056.
T008,2025-04-23,"Apr 23, 2025","VBA Circular 26-25-2 issued, announcing the VASP program wind down.",authority,vasp,Servicers,VA,VBA Circular 26-25-2,,S011,verified,Roughly one week of notice
T009,2025-05-01,"May 1, 2025","VA rescinds the VA Home Retention Waterfall. VASP ends. 10,000 or more veteran families have already lost homes.",program,vasp,,,VBA Circular 26-25-2,,S011,verified,Second removed protection. Mid-application for many borrowers.
T010,2025-07-30,"Jul 30, 2025",H.R. 1815 signed into law. Both chambers passed it by voice vote. Creates the Partial Claim Program at 38 U.S.C. 3737. Section 3737(h) permits the Secretary to act by administrative guidance before regulations.,authority,hr1815,VA,Congress,Public Law 119-31,https://www.congress.gov/bill/119th-congress/house-bill/1815,S010,verified,Pub. L. 119-31 sec 3(a). Removes the partisan objection.
T011,2025-11-12,"Nov 12, 2025","Pub. L. 119-37, div. G, title III. Sec 7307(a) narrows the 38 U.S.C. 3720(h) foreclosure protection; sec 7307(b) to (e) amend 38 U.S.C. 3737, including the 3737(h) guidance-in-advance-of-regulations authority.",authority,hr1815,,Congress,Public Law 119-37,https://www.law.cornell.edu/uscode/text/38/3737,S019,verified,"Confirmed operative: VA cites Pub. L. 119-37 as an authority for Chapter 22 in Transmittal Change 14. Pre-amendment text still to be pulled for the comparison. | 2026-08-18 CORRECTION: this row previously attributed the 3720(h) narrowing to sec 7307(b) to (e). Read from Pub. L. 119-37 itself (govinfo PLAW-119publ37): 7307(a) is the provision that amends 3720(h); (b) to (e) amend 3737. Pre-amendment 3720(h) text now pulled from Pub. L. 119-31 sec 2(b)(3), so this row's standing request is satisfied."
T012,2026-03-26,"Mar 26, 2026","NCLC testifies that the draft policy would push roughly 30,000 veterans into average payment increases of about 150 dollars per month.",hearing,implementation,House VA Committee,National Consumer Law Center (Alys Cohen),HVAC hearing,https://www.nclc.org/house-veterans-affairs-subcommittee-to-discuss-lowering-housing-costs-for-veteran-families/,S003,verified,Warning delivered during the comment window | Replaced a bare nclc.org homepage link with the specific item.
T013,2026-04-02,"Apr 2, 2026",NPR reports that the VA's decision to end its rescue program is driving veteran foreclosures.,press,implementation,The public,NPR (Chris Arnold and Quil Lawrence),National reporting,https://www.npr.org/2026/04/02/nx-s1-5750814/veterans-mortgages-foreclosure-va-rescue,S002,verified,"Independent confirmation, not advocacy framing"
T014,2026-05-14,"May 14, 2026",VFW letter to the VA Secretary calling for a foreclosure moratorium until the partial claim is operational.,commitment,implementation,VA Secretary,Veterans of Foreign Wars,Letter,,PENDING,source pending,"Institutional veteran community on record | SOURCE PENDING. VFW letter to the VA Secretary, May 14 2026. Searched 2026-08-09, not found online. The VFW legislative office posts testimony but not all correspondence. Request a copy from VFW, or drop the entry until it can be shown."
T015,2026-05-19,"May 19, 2026",Rules Committee. The H.R. 6047 funding-fee fight comes to a head.,hearing,hearing-week,,,House Rules Committee,https://www.congress.gov/bill/119th-congress/house-bill/6047,S100,verified,Restored to watch page from GitHub record
T016,2026-05-20,"May 20, 2026","Senate Veterans' Affairs Committee. Sec. Collins commits under oath to a June 15, 2026 partial-claim standup date.",commitment,hearing-week,SVAC,Sec. Doug Collins,SVAC hearing,https://www.c-span.org/program/senate-committee/veterans-affairs-secretary-collins-testifies-on-2026-budget-request/679573,S096,verified,Receipt: collins-svac.png
T017,2026-05-20,"May 20, 2026","Senate Veterans' Affairs Committee. Chairman Moran asks the VA Chief Financial Officer to explain a proposed restructuring of how VA reports healthcare spending. The CFO answers that the account structure co-mingles costs: ""all I can tell you is that it's going to cost more and that we can't manage to it because we don't know where we're managing to."" The testimony concerns VA's health care account structure, not the home loan program.",hearing,hearing-week,Senate Veterans' Affairs Committee (Chairman Moran),"Asst. Sec. Richard F. Topping, VA Chief Financial Officer","SVAC hearing, May 20 2026",https://www.c-span.org/program/senate-committee/veterans-affairs-secretary-collins-testifies-on-2026-budget-request/679573,S096; S001,verified,"Hearing category: VA OVERSIGHT. The 2026-05-20 SVAC hearing covered VA benefits, programs and funding broadly, including home loans, foreclosures and VASP. It is where Sen. Blumenthal put the 15,000+ figure on the record and where the June 15 commitment was made. Do not describe it as a healthcare hearing. On this specific quotation: the exchange with Chairman Moran concerned how VA reports spending and the CFO said the account structure co-mingles costs, concluding 'We do not know what we are managing.' Frame it as ANALYSIS, not as an admission about mortgage data: if the Department cannot say what it is managing in one account structure, the open question is whether the same reporting blindness applies to the loan portfolio, loss mitigation and foreclosure outcomes. That is a question to pursue, and a comparison to draw, not a fact to assert. RESOLVED 2026-08-14 against the committee's own hearing page: Richard F. Topping, Assistant Secretary for Management and Chief Financial Officer. The verbatim quote replaced the paraphrase 'We do not know what we are managing', which was close enough to the real line to read as a misquote. T029 was pulled the same day as a duplicate of this row carrying three wrong facts: May 21, House Appropriations, and 'its own portfolio'. C-SPAN program 679573 could not be verified by automated request; the committee hearing page should be added as a second source once someone opens it in a browser. SVAC SOURCE ADDED 2026-09-06: S001 is the committee's own page for this exact hearing, May 20 2026, and it lists Asst. Sec. Richard F. Topping as an accompanying witness, which is who T017 quotes. The queue recorded this as needing a browser; WebFetch reached veterans.senate.gov in full on 2026-09-06, so that limitation no longer holds."
T018,2026-05-26,"May 26, 2026","Twenty-eight members of Congress, led by Rep. Chris Pappas, demand a targeted foreclosure moratorium and the VA's legal basis if it refuses. Written response required by June 2.",commitment,hearing-week,VA,28 members of Congress,Letter,https://pappas.house.gov/media/press-releases/pappas-demands-va-establish-foreclosure-moratorium-for-veterans-put-at-risk-of-losing-their-homes,S015,verified,Forces the authority position into writing
T019,2026-06-01,"Jun 1, 2026","VA issues Transmittal Sheet Change 14 and creates M26-4 Chapter 22, the Partial Claim chapter, effective June 1 2026. Ten qualifying criteria in section 22.02, seven of which do not appear in 38 U.S.C. 3737.",authority,implementation,Regional Loan Center personnel and Loan Administration participants,VA Loan Guaranty Service (Patrick J. Zondervan),Transmittal Sheet Change 14,https://www.knowva.ebenefits.va.gov/system/templates/selfservice/va_ssnew/help/customer/locale/en-US/portal/554400000001018/content/554400000324998/VA-Manual-M26-4-Transmittal-Sheet-Change-14,S013,verified,Cites Pub. L. 119-31 and Pub. L. 119-37 as authority. Final obtained 2026-07-26.
T020,2026-06-15,"Jun 15, 2026","VA Partial Claim Program is available and live, per Transmittal Change 14.",program,implementation,Servicers,VA,VA announcement,,S013,verified,"Transmittal language: available and live on June 15, 2026."
T021,2026-06-15,"~Jun 15, 2026",NCLC launch-day release renews the demand that VA direct servicers to hold off foreclosing until the program is actually operational.,press,implementation,VA,National Consumer Law Center,Public release,https://www.nclc.org/va-must-pause-foreclosures-until-new-mortgage-assistance-program-is-accessible/,S120,verified,Outside validator on the access gap
T022,2026-06-19,"Jun 19, 2026","Military.com reports the launched program carries equity-stripping and re-foreclosure risk, and restates the 25 percent reinstatement cap.",press,implementation,The public,Military.com (Derricke Dennis),News report,https://www.military.com/new-va-mortgage-assistance-program-warning-for-veterans-facing-foreclosure,S116,verified,"Second independent validator, same gap"
T023,2026-11-28,"Nov 28, 2026",Full implementation deadline. Transmittal Change 14 states full implementation is expected no later than 180 days from publication of the final policy. 180 days from June 1 2026.,commitment,now,Servicers,VA,VA handbook and email,,S013,verified,"Confirmed from the transmittal sheet itself, not inferred. 16 months after H.R. 1815."
T029,2026-06-02,"Jun 2, 2026",The deadline set by the 28-member congressional demand letter for VA to establish a foreclosure moratorium passes. VA does not respond by the deadline.,commitment,hr1815,Department of Veterans Affairs,Congress,Congressional demand letter,https://pappas.house.gov/media/press-releases/pappas-demands-va-establish-foreclosure-moratorium-for-veterans-put-at-risk-of-losing-their-homes,S015,verified,"Confirmed by Leann 2026-08-18: letter sent 5/26/2026 (T018), deadline 6/2/2026, no response by that date. A missed deadline is a dated event. STATED NEGATIVE: no VA response located as of 2026-08-18."
T030,2026-02-11,"Feb 11, 2026","House Veterans' Affairs Committee oversight hearing. Asked by Rep. Chris Pappas when the partial claim program would be operational, Sec. Collins answers: ""It should be done shortly."" The first of three VA answers over 79 days that grew less specific, not more (Mar 26, Apr 30).",commitment,implementation,Rep. Chris Pappas (HVAC Economic Opportunity Subcommittee Ranking Member),Sec. Doug Collins,HVAC Full Committee Oversight Hearing,https://veterans.house.gov/calendar/eventsingle.aspx?EventID=7852,S171,verified,Added 2026-08-19 from the watch completeness audit; carried on the original watch page since May 2026. S171 confirmed by Leann 2026-08-19 (event page + video).
T031,2026-03-26,"Mar 26, 2026","Chairman Van Orden asks VA for its word that it will not foreclose on any veteran, if within its power, until the partial claim is done. The transcript records no answer.",commitment,implementation,VA Loan Guaranty Service (Patrick Zondervan),"Rep. Derrick Van Orden, Chairman, HVAC Subcommittee on Economic Opportunity",HVAC Economic Opportunity Subcommittee hearing,https://www.govinfo.gov/content/pkg/CHRG-119hhrg63816/pdf/CHRG-119hhrg63816.pdf,S255,verified,"Printed page 11. Conditional ask, quoted in full; the short form misquotes him (S245 note). Added 2026-09-09 from G-H."
T032,2026-05-20,"May 20, 2026","On the House floor, Rep. Teresa Leger Fernandez puts the numbers into the Congressional Record: more than 10,000 veterans have lost their homes, and 90,000 more are behind on their mortgages or in the foreclosure process.",hearing,hearing-week,House of Representatives,Rep. Teresa Leger Fernandez,"House floor, debate on H. Res. 1300",https://www.govinfo.gov/content/pkg/CREC-2026-05-20/html/CREC-2026-05-20-pt1-PgH3632-4.htm,S253,verified,"Congressional Record H3635 (both figures, in her own words) and H3638. Takano gave the same 10,000 in the same debate (S170); Blumenthal put the count above 15,000 at SVAC the same day (S001). The NPR article she inserted, H3636 to H3638, is not quoted (gate 6, and a date conflict with S063). Added 2026-09-09; replaces the unattributed Rules Committee caption line in G-H."
T033,2026-05-19,"May 19, 2026","Asked five times how many veterans are likely to be foreclosed on, HVAC Chairman Bost answers on the Rules Committee record: 90,000, which with the 10,000 already foreclosed would be 100,000 veterans.",hearing,hearing-week,"Rep. Teresa Leger Fernandez, House Committee on Rules","Rep. Mike Bost, Chairman, House Committee on Veterans' Affairs","House Committee on Rules, hearing on H.R. 1041, H.R. 6047 and H.R. 1329",https://www.youtube.com/watch?v=rxQYH3Ixlvs&t=4049s,S140; S256,verified,"Committee video at 1:07:29 (the question from 1:07:09). Speaker verified from the video 2026-09-10, see S140. Not in the Congressional Record: the Record's Daily Digest (S256) records only that the hearing was held and the rule granted 7-3. The next day he and the minority put the 10,000 and 90,000 on the House floor (T032, S170). Added 2026-09-10 from G-H."
T034,2026-05-07,"May 7, 2026","VA answers a congressional inquiry about a Wyoming veteran foreclosed on in September 2025: ""restoration of the prior loan terms is no longer possible."" The same official had told the House on March 26 the partial claim was coming in the upcoming months.",commitment,implementation,"Rep. Harriet Hageman, on behalf of a constituent family","Patrick J. Zondervan, Executive Director, VA Loan Guaranty Service",VA constituent-inquiry letter,,S257; S245,verified,"Letter read from the PDF 2026-09-10, on file at 02_Cohort. Family consented; de-identified on the site by default. Forty-two days after the March 26 hearing answer (S245). Added 2026-09-10 from G-H."
T035,2026-04-02,"Apr 2, 2026","VA answers a senator, a national broadcaster and a congresswoman in writing about foreclosed veterans, spring 2026. Each answer recites the process; none offers a way back into the home.",commitment,implementation,"Sen. Patty Murray (for a Washington family, Leann Ledford's own); NPR; Rep. Harriet Hageman (for a Wyoming family)",VA Loan Guaranty Service,Constituent-inquiry replies and a written statement to NPR,,S258; S253; S257,verified,"Murray reply Apr 2 (S258): sale scheduled Dec 5 2025 postponed at VA's request, foreclosed Jan 23 2026, conveyed to VA Feb 10, contact VRM about eviction. NPR Apr 6 article as printed in the Record at H3638 (S253): VA 'stands ready to assist [the family] with health care services as needed'. Hageman May 7 (S257, T034): 'restoration of the prior loan terms is no longer possible'. De-identified at Leann's direction 2026-09-10 (queue 62, A): 'a Washington family', her own, her husband the veteran."
T036,2020-04-08,"Apr 8, 2020","VA's Loan Guaranty Service tells servicers, in its own circular, that a CARES Act forbearance must be granted on the borrower's word alone, that the borrower sets its length, and that no lump sum may be demanded on exit.",authority,covid,Servicers,"VA Loan Guaranty Service (Jeffrey F. London, Director)",Circular 26-20-12,,S259,verified,"Para 3: 'the servicer must grant the forbearance request, with no additional documentation.' Para 1: failure to work every loss mitigation option 'could impact a future claim payment.' Para 6 set a 60-day moratorium from March 18, 2020, later extended (T037). Same propositions the interagency fact sheet states at T001, here from VA over its own signature."
T037,2020-09-09,"Sept 9, 2020","VA extends the COVID foreclosure moratorium through December 31, 2020 and the circular's life to July 1, 2021, by a one-page change order. VA never reissued the base circular; its website still served the April 2020 text on September 12, 2026.",authority,covid,Servicers,VA Loan Guaranty Service,Circular 26-20-12 Change 1,,S260,verified,"Six changes ordered; the two that matter to a family are the moratorium end date and the rescission date. The base PDF served 2026-09-12 is byte-identical to the April 2020 file. Same pattern as 26-24-12 Change 1 (S197), which deleted a paragraph the base file still prints."
